use LabNanomateriales;
go

-----------------------
------ INSERTS --------

-- EMPLEADOS
INSERT INTO Empleados (PrimerNombre, SegundoNombre, PrimerApellido, SegundoApellido, Rol, Departamento, Email, Telefono, Fecha_Contratacion, Salario, Estado) VALUES
('Carlos', 'Andrés', 'Martínez', 'López', 'Supervisor', 'Síntesis', 'carlos.martinez@labnanomateriales.com', '3001234567', '2018-03-15', 8500000, 'Activo'),
('Ana', 'María', 'Rodríguez', 'García', 'Investigador', 'Caracterización', 'ana.rodriguez@labnanomateriales.com', '3009876543', '2019-07-20', 7200000, 'Activo'),
('Luis', 'Fernando', 'García', 'Hernández', 'Técnico', 'Síntesis', 'luis.garcia@labnanomateriales.com', '3012345678', '2020-01-10', 4500000, 'Activo'),
('María', 'Isabel', 'López', 'Torres', 'Investigador', 'Catálisis', 'maria.lopez@labnanomateriales.com', '3023456789', '2019-11-05', 7500000, 'Activo'),
('Jorge', 'Alejandro', 'Hernández', 'Ramírez', 'Analista', 'Control Calidad', 'jorge.hernandez@labnanomateriales.com', '3034567890', '2021-02-14', 5800000, 'Activo'),
('Diana', 'Carolina', 'Torres', 'Gómez', 'Investigador', 'Medicina', 'diana.torres@labnanomateriales.com', '3045678901', '2018-09-01', 7800000, 'Activo'),
('Roberto', 'José', 'Ramírez', 'Pérez', 'Técnico', 'Caracterización', 'roberto.ramirez@labnanomateriales.com', '3056789012', '2020-06-18', 4800000, 'Activo'),
('Patricia', 'Andrea', 'Gómez', 'Sánchez', 'Administrador', 'Logística', 'patricia.gomez@labnanomateriales.com', '3067890123', '2017-05-10', 6200000, 'Activo'),
('Miguel', 'Ángel', 'Pérez', 'Castro', 'Investigador', 'Electrónica', 'miguel.perez@labnanomateriales.com', '3078901234', '2019-03-22', 7400000, 'Activo'),
('Laura', 'Sofía', 'Sánchez', 'Vargas', 'Técnico', 'Síntesis', 'laura.sanchez@labnanomateriales.com', '3089012345', '2021-08-30', 4600000, 'Activo'),
('Fernando', 'Alberto', 'Castro', 'Morales', 'Supervisor', 'Control Calidad', 'fernando.castro@labnanomateriales.com', '3090123456', '2018-12-12', 8200000, 'Activo'),
('Claudia', 'Marcela', 'Vargas', 'Jiménez', 'Analista', 'Caracterización', 'claudia.vargas@labnanomateriales.com', '3101234567', '2020-10-05', 5500000, 'Activo'),
('Andrés', 'Felipe', 'Morales', 'Mendoza', 'Investigador', 'Catálisis', 'andres.morales@labnanomateriales.com', '3112345678', '2019-04-17', 7300000, 'Activo'),
('Sofía', 'Valentina', 'Jiménez', 'Rojas', 'Técnico', 'Control Calidad', 'sofia.jimenez@labnanomateriales.com', '3123456789', '2021-01-20', 4700000, 'Activo'),
('Ricardo', 'Enrique', 'Mendoza', 'Cruz', 'Investigador', 'Síntesis', 'ricardo.mendoza@labnanomateriales.com', '3134567890', '2018-06-08', 7600000, 'Activo'),
('Valentina', NULL, 'Rojas', 'Ortiz', 'Analista', 'Logística', 'valentina.rojas@labnanomateriales.com', '3145678901', '2020-09-12', 5600000, 'Activo'),
('Daniel', 'Santiago', 'Cruz', 'Ríos', 'Técnico', 'Caracterización', 'daniel.cruz@labnanomateriales.com', '3156789012', '2021-05-25', 4900000, 'Activo'),
('Camila', 'Andrea', 'Ortiz', 'Silva', 'Investigador', 'Medicina', 'camila.ortiz@labnanomateriales.com', '3167890123', '2019-08-14', 7700000, 'Activo'),
('Javier', 'Eduardo', 'Ríos', 'Cortés', 'Administrador', 'Administración', 'javier.rios@labnanomateriales.com', '3178901234', '2017-11-30', 6500000, 'Activo'),
('Isabella', 'Gabriela', 'Silva', 'Reyes', 'Supervisor', 'Caracterización', 'isabella.silva@labnanomateriales.com', '3189012345', '2018-02-19', 8300000, 'Activo');


-- PROVEEDORES
INSERT INTO Proveedores (Nombre_Empresa, Contacto_Nombre, Email, Telefono, Direccion, Ciudad, Pais, Tipo_Proveedor, Calificacion, Fecha_Registro) VALUES
('Sigma-Aldrich Colombia', 'Pedro Álvarez', 'ventas@sigmaaldrich.co', '6017654321', 'Calle 100 #19-54', 'Bogotá', 'Colombia', 'Químicos', 4.8, '2017-01-15'),
('Merck Colombia S.A.', 'Laura Méndez', 'contacto@merck.com.co', '6018765432', 'Carrera 7 #71-21', 'Bogotá', 'Colombia', 'Químicos', 4.7, '2017-03-20'),
('Fisher Scientific Andina', 'Carlos Ruiz', 'info@fishersci.co', '6019876543', 'Av. Eldorado #69-53', 'Bogotá', 'Colombia', 'Químicos', 4.6, '2017-06-10'),
('LabEquip Colombia', 'Ana Martínez', 'ventas@labequip.co', '6041234567', 'Calle 10 #40-12', 'Medellín', 'Colombia', 'Equipos', 4.5, '2018-02-14'),
('ThermoFisher Colombia', 'Miguel Torres', 'colombia@thermofisher.com', '6012345678', 'Calle 113 #7-45', 'Bogotá', 'Colombia', 'Equipos', 4.9, '2017-09-05'),
('Gases Industriales S.A.', 'Diana López', 'atencion@gases.com.co', '6023456789', 'Carrera 50 #12-34', 'Bogotá', 'Colombia', 'Gases', 4.4, '2018-05-22'),
('QuímicaPura Ltda', 'Roberto Gómez', 'ventas@quimicapura.co', '6034567890', 'Av. Américas #68-50', 'Bogotá', 'Colombia', 'Químicos', 4.3, '2018-08-17'),
('Instrumentos Analíticos', 'Patricia Vargas', 'info@insanaliticos.co', '6045678901', 'Calle 53 #45-67', 'Medellín', 'Colombia', 'Equipos', 4.6, '2019-01-30'),
('NanoSupply International', 'Fernando Castro', 'sales@nanosupply.com', '6056789012', 'Zona Franca Bogotá', 'Bogotá', 'Colombia', 'Químicos', 4.7, '2019-04-12'),
('LabGlass Colombia', 'Claudia Jiménez', 'ventas@labglass.co', '6067890123', 'Calle 80 #97-23', 'Bogotá', 'Colombia', 'Consumibles', 4.2, '2019-07-25'),
('Reactivos Científicos SAS', 'Andrés Morales', 'pedidos@reactivos.co', '6078901234', 'Carrera 15 #93-30', 'Bogotá', 'Colombia', 'Químicos', 4.5, '2019-10-08'),
('TechLab Equipment', 'Sofía Rojas', 'info@techlabequip.co', '6089012345', 'Calle 32 #17-02', 'Cali', 'Colombia', 'Equipos', 4.4, '2020-01-15'),
('Linde Colombia', 'Ricardo Mendoza', 'colombia@linde.com', '6090123456', 'Autopista Norte Km 18', 'Bogotá', 'Colombia', 'Gases', 4.8, '2020-03-20'),
('Bio-Rad Laboratories', 'Valentina Cruz', 'latam@biorad.com', '6101234567', 'Calle 98 #22-64', 'Bogotá', 'Colombia', 'Equipos', 4.9, '2020-06-11'),
('Solventes Industriales', 'Daniel Ortiz', 'ventas@solventes.co', '6112345678', 'Carrera 68 #75-50', 'Bogotá', 'Colombia', 'Químicos', 4.1, '2020-09-05'),
('PrecisionGases Ltd', 'Camila Ríos', 'info@precisiongases.co', '6123456789', 'Zona Industrial', 'Medellín', 'Colombia', 'Gases', 4.6, '2021-01-18'),
('CristalLab Materiales', 'Javier Silva', 'cristallab@gmail.com', '6134567890', 'Calle 13 #88-10', 'Bogotá', 'Colombia', 'Consumibles', 4.3, '2021-04-22'),
('EquiposCientíficos.com', 'Isabella Ramírez', 'contacto@equiposcientificos.co', '6145678901', 'Av. 68 #49-83', 'Bogotá', 'Colombia', 'Mixto', 4.5, '2021-07-30'),
('Nanomaterials Global', 'Eduardo Vargas', 'sales@nanomaterialsglobal.com', '6156789012', 'World Trade Center', 'Bogotá', 'Colombia', 'Químicos', 4.7, '2021-10-14'),
('ProLab Supplies', 'Gabriela Torres', 'ventas@prolabsupplies.co', '6167890123', 'Calle 26 #92-32', 'Bogotá', 'Colombia', 'Mixto', 4.4, '2022-01-09');


-- CATEGORIAS_REACTIVOS
INSERT INTO Categorias_Reactivos (Nombre_Categoria, Descripcion, Nivel_Peligrosidad, Requiere_Almacenamiento_Especial) VALUES
('Metales Nobles', 'Sales y compuestos de metales preciosos', 'Bajo', 0),
('Ácidos Fuertes', 'Ácidos concentrados corrosivos', 'Alto', 1),
('Bases Fuertes', 'Hidróxidos y bases concentradas', 'Alto', 1),
('Solventes Orgánicos', 'Disolventes y medios de reacción', 'Medio', 1),
('Precursores Metálicos', 'Sales metálicas para síntesis', 'Medio', 0),
('Agentes Reductores', 'Compuestos reductores para síntesis', 'Medio', 1),
('Agentes Oxidantes', 'Oxidantes y catalizadores', 'Alto', 1),
('Ligandos Orgánicos', 'Moléculas orgánicas coordinantes', 'Bajo', 0),
('Surfactantes', 'Agentes tensioactivos y estabilizadores', 'Bajo', 0),
('Polímeros', 'Materiales poliméricos y matrices', 'Bajo', 0),
('Gases Comprimidos', 'Gases para atmósferas controladas', 'Crítico', 1),
('Sales Inorgánicas', 'Compuestos iónicos diversos', 'Bajo', 0),
('Disolventes Clorados', 'Solventes con cloro en su estructura', 'Alto', 1),
('Aminas', 'Compuestos nitrogenados orgánicos', 'Medio', 1),
('Éteres', 'Compuestos con grupo funcional éter', 'Medio', 1),
('Alcoholes', 'Compuestos con grupo hidroxilo', 'Medio', 0),
('Carbonilos', 'Aldehídos y cetonas', 'Medio', 1),
('Materiales Nanoestructurados', 'Precursores nanométricos', 'Bajo', 1),
('Compuestos Organometálicos', 'Moléculas con enlaces metal-carbono', 'Alto', 1),
('Reactivos Especiales', 'Reactivos de alta pureza o específicos', 'Medio', 1);

-- REACTIVOS
INSERT INTO Reactivos (Nombre_Reactivo, Formula_Quimica, Numero_CAS, ID_Categoria, ID_Proveedor, Pureza, Costo_Unitario, Unidad_Medida, Punto_Reorden, Ficha_Seguridad_URL) VALUES
('Cloruro de Oro(III)', 'AuCl3', '13453-07-1', 1, 1, 99.99, 850000, 'g', 5, 'https://www.sigmaaldrich.com/msds/aucl3'),
('Ácido Clorhídrico', 'HCl', '7647-01-0', 2, 2, 37.00, 45000, 'L', 20, 'https://www.merck.com/msds/hcl'),
('Hidróxido de Sodio', 'NaOH', '1310-73-2', 3, 3, 99.00, 35000, 'kg', 15, 'https://www.fishersci.com/msds/naoh'),
('Etanol Absoluto', 'C2H5OH', '64-17-5', 4, 1, 99.90, 120000, 'L', 10, 'https://www.sigmaaldrich.com/msds/ethanol'),
('Nitrato de Plata', 'AgNO3', '7761-88-8', 5, 9, 99.80, 680000, 'g', 8, 'https://www.nanosupply.com/msds/agno3'),
('Borohidruro de Sodio', 'NaBH4', '16940-66-2', 6, 1, 98.50, 280000, 'g', 12, 'https://www.sigmaaldrich.com/msds/nabh4'),
('Peróxido de Hidrógeno', 'H2O2', '7722-84-1', 7, 2, 30.00, 55000, 'L', 18, 'https://www.merck.com/msds/h2o2'),
('Citrato de Sodio', 'Na3C6H5O7', '68-04-2', 8, 11, 99.00, 95000, 'kg', 10, 'https://www.reactivos.co/msds/citrate'),
('Polietilenglicol 400', 'H(OCH2CH2)nOH', '25322-68-3', 10, 10, 99.00, 180000, 'L', 8, 'https://www.labglass.com/msds/peg'),
('CTAB', 'C19H42BrN', '57-09-0', 9, 1, 99.00, 420000, 'g', 6, 'https://www.sigmaaldrich.com/msds/ctab'),
('Nitrógeno Líquido', 'N2', '7727-37-9', 11, 6, 99.99, 25000, 'L', 50, 'https://www.gases.com.co/msds/n2'),
('Acetato de Zinc', 'Zn(CH3COO)2', '557-34-6', 12, 11, 98.00, 150000, 'kg', 10, 'https://www.reactivos.co/msds/znacetate'),
('Diclorometano', 'CH2Cl2', '75-09-2', 13, 15, 99.50, 95000, 'L', 15, 'https://www.solventes.co/msds/dcm'),
('Dietanolamina', 'C4H11NO2', '111-42-2', 14, 11, 99.00, 135000, 'L', 8, 'https://www.reactivos.co/msds/dea'),
('Tetrahidrofurano', 'C4H8O', '109-99-9', 15, 1, 99.90, 210000, 'L', 12, 'https://www.sigmaaldrich.com/msds/thf'),
('Isopropanol', 'C3H8O', '67-63-0', 16, 2, 99.70, 85000, 'L', 20, 'https://www.merck.com/msds/ipa'),
('Acetona', 'C3H6O', '67-64-1', 17, 3, 99.50, 75000, 'L', 25, 'https://www.fishersci.com/msds/acetone'),
('Óxido de Grafeno', 'CxOyHz', '1034343-98-0', 18, 9, 99.00, 1250000, 'g', 3, 'https://www.nanosupply.com/msds/go'),
('Ferroceno', 'Fe(C5H5)2', '102-54-5', 19, 1, 98.00, 320000, 'g', 5, 'https://www.sigmaaldrich.com/msds/ferrocene'),
('Cloruro de Paladio', 'PdCl2', '7647-10-1', 1, 19, 99.90, 2500000, 'g', 2, 'https://www.nanomaterialsglobal.com/msds/pdcl2');

-- INVENTARIO_REACTIVOS
INSERT INTO Inventario_Reactivos (ID_Reactivo, Lote, Cantidad_Disponible, Ubicacion_Almacen, Fecha_Ingreso, Fecha_Vencimiento, Temperatura_Almacenamiento, Estado_Reactivo) VALUES
(1, 'AU2023-001', 25.500, 'A-101', '2023-01-15', '2025-01-15', 20.0, 'Disponible'),
(2, 'HCL2023-045', 150.000, 'B-205', '2023-03-10', '2025-03-10', 18.0, 'Disponible'),
(3, 'NAOH2023-012', 80.000, 'B-210', '2023-02-20', '2024-12-20', 20.0, 'Disponible'),
(4, 'ETOH2023-089', 95.000, 'C-301', '2023-06-05', '2025-06-05', 15.0, 'Disponible'),
(5, 'AG2023-007', 18.750, 'A-105', '2023-04-12', '2025-04-12', 20.0, 'Disponible'),
(6, 'NABH2023-033', 42.000, 'D-401', '2023-05-18', '2024-11-18', 5.0, 'Disponible'),
(7, 'H2O2-2023-067', 120.000, 'B-220', '2023-07-22', '2024-07-22', 20.0, 'Disponible'),
(8, 'CIT2023-055', 65.000, 'C-315', '2023-08-14', '2026-08-14', 20.0, 'Disponible'),
(9, 'PEG2023-023', 35.000, 'C-320', '2023-09-09', '2025-09-09', 20.0, 'Disponible'),
(10, 'CTAB2023-018', 28.500, 'A-112', '2023-10-03', '2025-10-03', 20.0, 'Disponible'),
(11, 'N2-2024-001', 500.000, 'E-501', '2024-01-10', '2030-01-10', -196.0, 'Disponible'),
(12, 'ZNAC2024-008', 55.000, 'C-308', '2024-02-14', '2026-02-14', 20.0, 'Disponible'),
(13, 'DCM2024-019', 88.000, 'D-405', '2024-03-20', '2025-03-20', 15.0, 'Disponible'),
(14, 'DEA2024-011', 45.000, 'C-325', '2024-04-05', '2025-10-05', 20.0, 'Disponible'),
(15, 'THF2024-027', 72.000, 'D-410', '2024-05-12', '2025-05-12', 15.0, 'Disponible'),
(16, 'IPA2024-044', 110.000, 'C-330', '2024-06-18', '2026-06-18', 20.0, 'Disponible'),
(17, 'ACE2024-056', 135.000, 'C-335', '2024-07-25', '2026-07-25', 20.0, 'Disponible'),
(18, 'GO2024-003', 8.500, 'A-120', '2024-08-30', '2025-08-30', 4.0, 'Disponible'),
(19, 'FER2024-015', 12.000, 'A-115', '2024-09-10', '2026-09-10', 20.0, 'Disponible'),
(20, 'PD2024-002', 5.250, 'A-108', '2024-10-05', '2026-10-05', 20.0, 'Disponible');

-- NANOMATERIALES
INSERT INTO Nanomateriales (Nombre_Nanomaterial, Tipo_Nanomaterial, Composicion_Quimica, Aplicacion, Tamanio_Promedio_nm, Descripcion, Fecha_Desarrollo, Costo_Estimado_Gramo, Estado_Desarrollo) VALUES
('Nanopartículas de Oro', 'Nanopartícula', 'Au', 'Medicina', 15.5, 'NPs de oro para terapia fototérmica', '2019-05-10', 2500000, 'Producción'),
('Nanotubos de Carbono', 'Nanotubos', 'C', 'Electrónica', 1.2, 'CNTs de pared múltiple conductores', '2018-08-15', 1800000, 'Producción'),
('Grafeno Reducido', 'Grafeno', 'C', 'Energía', 0.8, 'rGO para supercapacitores', '2020-03-22', 950000, 'Producción'),
('Quantum Dots CdSe', 'Quantum Dots', 'CdSe', 'Electrónica', 5.2, 'QDs emisores para displays', '2019-11-30', 3200000, 'Desarrollo'),
('Nanopartículas de Plata', 'Nanopartícula', 'Ag', 'Medicina', 25.0, 'AgNPs antibacterianas', '2018-06-18', 1500000, 'Producción'),
('Óxido de Zinc Nano', 'Nanopartícula', 'ZnO', 'Catálisis', 35.0, 'ZnO para fotocatálisis', '2020-01-12', 450000, 'Producción'),
('Nanocompuesto Au-Pd', 'Nanocompuesto', 'Au-Pd', 'Catálisis', 8.5, 'Aleación bimetálica catalítica', '2021-04-25', 4500000, 'Desarrollo'),
('Nanopartículas Magnéticas', 'Nanopartícula', 'Fe3O4', 'Medicina', 12.0, 'Magnetita para imagen médica', '2019-09-08', 850000, 'Producción'),
('Quantum Dots Grafeno', 'Quantum Dots', 'C-O', 'Electrónica', 3.5, 'GQDs fluorescentes biocompatibles', '2021-07-14', 2800000, 'Investigación'),
('Nanotubos de TiO2', 'Nanotubos', 'TiO2', 'Ambiental', 8.0, 'TNTs para purificación de agua', '2020-10-20', 680000, 'Producción'),
('Nanopartículas de Paladio', 'Nanopartícula', 'Pd', 'Catálisis', 6.5, 'PdNPs para hidrogenación', '2019-02-28', 5200000, 'Producción'),
('Nanocompuesto Ag-ZnO', 'Nanocompuesto', 'Ag-ZnO', 'Ambiental', 28.0, 'Híbrido antibacterial fotocatalítico', '2021-01-15', 1250000, 'Desarrollo'),
('Grafeno Dopado-N', 'Grafeno', 'C-N', 'Energía', 1.5, 'N-Graphene para baterías Li-ion', '2020-06-05', 1850000, 'Desarrollo'),
('Nanopartículas Cu2O', 'Nanopartícula', 'Cu2O', 'Catálisis', 42.0, 'Óxido cuproso fotocatalítico', '2021-09-12', 380000, 'Investigación'),
('Quantum Dots InP', 'Quantum Dots', 'InP', 'Electrónica', 4.8, 'QDs libres de cadmio para LEDs', '2021-11-22', 4800000, 'Investigación'),
('Nanopartículas Pt', 'Nanopartícula', 'Pt', 'Catálisis', 3.2, 'PtNPs para celdas de combustible', '2018-12-10', 8500000, 'Producción'),
('Nanocompuesto CNT-Grafeno', 'Nanocompuesto', 'C-C', 'Electrónica', 5.0, 'Híbrido conductor de alta área', '2020-08-18', 2200000, 'Desarrollo'),
('Nanopartículas CeO2', 'Nanopartícula', 'CeO2', 'Farmacéutica', 18.0, 'Ceria nanozyme antioxidante', '2021-03-30', 1650000, 'Desarrollo'),
('Nanotubos BN', 'Nanotubos', 'BN', 'Electrónica', 2.5, 'BNNTs aislantes térmicos', '2020-12-08', 3500000, 'Investigación'),
('Nanopartículas Au-Ag', 'Nanocompuesto', 'Au-Ag', 'Medicina', 22.0, 'Aleación plasmónica para biosensado', '2021-05-17', 3200000, 'Desarrollo');

-- EQUIPAMIENTO
INSERT INTO Equipamiento (Nombre_Equipo, Tipo_Equipo, Modelo, Numero_Serie, Fabricante, ID_Responsable, Fecha_Adquisicion, Costo_Adquisicion, Ubicacion, Estado_Equipo, Frecuencia_Mantenimiento_Dias) VALUES
('Reactor Hidrotermal', 'Síntesis', 'HTR-5000', 'HTR20180001', 'Parr Instrument', 1, '2018-04-15', 85000000, 'Lab-Sintesis-01', 'Operativo', 180),
('Microscopio Electrónico TEM', 'Caracterización', 'Tecnai G2', 'TEM20180012', 'FEI Company', 2, '2018-06-20', 450000000, 'Lab-Caracterizacion', 'Operativo', 90),
('Espectrómetro UV-Vis', 'Análisis', 'UV-2600', 'UV20190045', 'Shimadzu', 5, '2019-02-10', 32000000, 'Lab-Analisis-01', 'Operativo', 180),
('Horno Tubular', 'Síntesis', 'TF-1200', 'TF20190078', 'Thermo Scientific', 15, '2019-05-18', 28000000, 'Lab-Sintesis-02', 'Operativo', 180),
('Difractómetro de Rayos X', 'Caracterización', 'D8 Advance', 'XRD20190090', 'Bruker', 2, '2019-08-22', 185000000, 'Lab-Caracterizacion', 'Operativo', 120),
('Agitador Magnético', 'Síntesis', 'RCT Basic', 'MAG20200015', 'IKA', 3, '2020-01-30', 2500000, 'Lab-Sintesis-01', 'Operativo', 365),
('Centrífuga Refrigerada', 'Análisis', 'Sorvall ST16R', 'CEN20200034', 'Thermo Fisher', 7, '2020-03-12', 45000000, 'Lab-Procesamiento', 'Operativo', 180),
('Baño Ultrasonidos', 'Síntesis', 'USC-TH', 'USO20200056', 'VWR', 10, '2020-06-08', 8500000, 'Lab-Sintesis-02', 'Operativo', 180),
('Analizador de Tamaño DLS', 'Caracterización', 'Zetasizer Nano', 'DLS20200089', 'Malvern', 12, '2020-09-15', 120000000, 'Lab-Caracterizacion', 'Operativo', 90),
('Balanza Analítica', 'Medición', 'XPE205', 'BAL20210012', 'Mettler Toledo', 16, '2021-01-20', 18000000, 'Lab-Preparacion', 'Operativo', 365),
('Espectrómetro Raman', 'Caracterización', 'inVia Qontor', 'RAM20210045', 'Renishaw', 20, '2021-04-10', 275000000, 'Lab-Caracterizacion', 'Operativo', 120),
('Campana Extractora', 'Seguridad', 'PCR-48', 'CEX20210078', 'LabConco', 1, '2021-06-25', 22000000, 'Lab-Sintesis-01', 'Operativo', 180),
('Sistema de Filtración', 'Análisis', 'Vac-Elut SPS', 'FIL20210090', 'Agilent', 14, '2021-09-05', 12000000, 'Lab-Procesamiento', 'Operativo', 180),
('Microscopio SEM', 'Caracterización', 'JSM-IT200', 'SEM20220018', 'JEOL', 2, '2022-01-15', 380000000, 'Lab-Caracterizacion', 'Operativo', 90),
('Potenciostato', 'Análisis', 'Interface 1010E', 'POT20220045', 'Gamry', 9, '2022-03-20', 95000000, 'Lab-Electroquimica', 'Operativo', 180),
('Cromatógrafo HPLC', 'Análisis', 'Agilent 1260', 'HPLC20220067', 'Agilent', 5, '2022-06-12', 215000000, 'Lab-Analisis-02', 'Operativo', 90),
('Sistema de Vacío', 'Síntesis', 'RV-10', 'VAC20220089', 'IKA', 15, '2022-09-08', 35000000, 'Lab-Sintesis-02', 'Operativo', 180),
('Espectrofotómetro FTIR', 'Caracterización', 'Nicolet iS50', 'FTIR20230015', 'Thermo Fisher', 12, '2023-01-22', 145000000, 'Lab-Caracterizacion', 'Operativo', 120),
('Autoclave', 'Síntesis', 'VX-150', 'AUT20230034', 'Systec', 1, '2023-04-10', 42000000, 'Lab-Sintesis-01', 'Operativo', 180),
('Workstation Computacional', 'Computacional', 'Z8 G4', 'WRK20230056', 'HP', 4, '2023-07-15', 28000000, 'Lab-Simulacion', 'Operativo', 365);

-- MANTENIMIENTO_EQUIPOS
INSERT INTO Mantenimiento_Equipos (ID_Equipo, Tipo_Mantenimiento, Fecha_Mantenimiento, ID_Tecnico, Descripcion_Trabajo, Costo_Mantenimiento, Proximo_Mantenimiento, Estado_Resultado) VALUES
(1, 'Preventivo', '2023-01-15', 3, 'Revisión de sellos y calibración de sensores de presión', 2500000, '2023-07-15', 'Exitoso'),
(2, 'Calibración', '2023-02-20', 7, 'Calibración de lentes y alineación del haz electrónico', 8500000, '2023-05-20', 'Exitoso'),
(3, 'Preventivo', '2023-03-10', 14, 'Limpieza de celdas y verificación de fuente de luz', 1200000, '2023-09-10', 'Exitoso'),
(4, 'Preventivo', '2023-04-05', 3, 'Inspección de resistencias y limpieza de cámara', 1800000, '2023-10-05', 'Exitoso'),
(5, 'Calibración', '2023-05-12', 7, 'Calibración de ángulos y verificación de generador', 5200000, '2023-08-12', 'Exitoso'),
(6, 'Preventivo', '2023-06-18', 10, 'Revisión de motor y limpieza de placa calefactora', 450000, '2024-06-18', 'Exitoso'),
(7, 'Preventivo', '2023-07-25', 14, 'Verificación de sistema de refrigeración y balanceo', 2100000, '2024-01-25', 'Exitoso'),
(8, 'Correctivo', '2023-08-10', 10, 'Reemplazo de transductores ultrasónicos dañados', 3200000, '2024-02-10', 'Exitoso'),
(9, 'Calibración', '2023-09-15', 17, 'Calibración con estándares de tamaño certificados', 4500000, '2023-12-15', 'Exitoso'),
(10, 'Calibración', '2023-10-20', 14, 'Calibración con pesas patrón certificadas', 850000, '2024-10-20', 'Exitoso'),
(11, 'Preventivo', '2023-11-08', 7, 'Alineación óptica y calibración de longitud de onda', 6800000, '2024-03-08', 'Exitoso'),
(12, 'Preventivo', '2023-12-12', 3, 'Verificación de flujo de aire y cambio de filtros HEPA', 1500000, '2024-06-12', 'Exitoso'),
(13, 'Preventivo', '2024-01-18', 10, 'Limpieza de membranas y verificación de bomba de vacío', 980000, '2024-07-18', 'Exitoso'),
(14, 'Calibración', '2024-02-22', 17, 'Calibración de detectores y alineación del haz', 9200000, '2024-05-22', 'Exitoso'),
(15, 'Preventivo', '2024-03-15', 14, 'Verificación de celdas electroquímicas y calibración', 3500000, '2024-09-15', 'Exitoso'),
(16, 'Calibración', '2024-04-20', 7, 'Calibración de bomba y detectores, cambio de columna', 7500000, '2024-07-20', 'Exitoso'),
(17, 'Correctivo', '2024-05-10', 3, 'Reparación de válvula de vacío y cambio de aceite', 2800000, '2024-11-10', 'Requiere Seguimiento'),
(18, 'Calibración', '2024-06-15', 17, 'Calibración con estándares de poliestireno', 5100000, '2024-10-15', 'Exitoso'),
(19, 'Preventivo', '2024-07-22', 10, 'Verificación de sensores de temperatura y presión', 1650000, '2025-01-22', 'Exitoso'),
(20, 'Actualización', '2024-08-30', 3, 'Actualización de software de simulación cuántica', 4200000, '2025-08-30', 'Exitoso');

-- ORDENES_SINTESIS
INSERT INTO Ordenes_Sintesis (ID_Nanomaterial, ID_Empleado_Responsable, ID_Equipo_Principal, Fecha_Inicio, Fecha_Fin_Estimada, Fecha_Fin_Real, Cantidad_Objetivo, Unidad_Cantidad, Prioridad, Estado_Orden, Observaciones, Costo_Total) VALUES
(1, 1, 1, '2023-01-10 08:00:00', '2023-01-12 17:00:00', '2023-01-12 16:30:00', 50.000, 'g', 'Alta', 'Completada', 'Síntesis exitosa con rendimiento del 85%', 15800000),
(2, 15, 4, '2023-01-20 09:00:00', '2023-01-22 18:00:00', '2023-01-22 17:45:00', 25.000, 'g', 'Normal', 'Completada', 'CNTs de alta calidad', 8200000),
(3, 4, 1, '2023-02-05 08:30:00', '2023-02-07 16:00:00', '2023-02-07 15:20:00', 100.000, 'g', 'Normal', 'Completada', 'Producción de rGO para supercapacitores', 12500000),
(5, 6, 8, '2023-02-18 10:00:00', '2023-02-20 17:00:00', '2023-02-20 16:10:00', 75.000, 'g', 'Alta', 'Completada', 'AgNPs para aplicación médica', 18600000),
(6, 13, 4, '2023-03-05 08:00:00', '2023-03-07 16:30:00', '2023-03-07 16:00:00', 120.000, 'g', 'Normal', 'Completada', 'ZnO nanoestructurado', 9800000),
(8, 2, 1, '2023-03-20 09:00:00', '2023-03-22 18:00:00', '2023-03-22 17:30:00', 30.000, 'g', 'Alta', 'Completada', 'Magnetita para contraste en MRI', 11200000),
(1, 15, 1, '2023-04-10 08:30:00', '2023-04-12 17:00:00', '2023-04-12 16:45:00', 60.000, 'g', 'Urgente', 'Completada', 'Lote urgente para ensayos clínicos', 17500000),
(11, 13, 4, '2023-04-25 10:00:00', '2023-04-27 16:00:00', '2023-04-27 15:50:00', 45.000, 'g', 'Normal', 'Completada', 'PdNPs con alta actividad catalítica', 24800000),
(10, 4, 19, '2023-05-08 09:00:00', '2023-05-10 18:00:00', '2023-05-10 17:20:00', 80.000, 'g', 'Normal', 'Completada', 'TNTs para tratamiento de aguas', 8900000),
(3, 15, 4, '2023-05-22 08:00:00', '2023-05-24 17:00:00', '2023-05-24 16:30:00', 90.000, 'g', 'Alta', 'Completada', 'Grafeno reducido de alta conductividad', 13200000),
(16, 13, 1, '2023-06-05 10:00:00', '2023-06-07 16:30:00', '2023-06-07 16:00:00', 20.000, 'g', 'Urgente', 'Completada', 'PtNPs para celdas de combustible', 42500000),
(5, 6, 8, '2023-06-20 09:00:00', '2023-06-22 17:00:00', '2023-06-22 16:40:00', 85.000, 'g', 'Normal', 'Completada', 'AgNPs con propiedades antibacterianas mejoradas', 19200000),
(7, 1, 1, '2023-07-10 08:30:00', '2023-07-13 16:00:00', '2023-07-13 15:30:00', 35.000, 'g', 'Alta', 'Completada', 'Nanocompuesto bimetálico Au-Pd', 38500000),
(2, 15, 4, '2023-07-25 09:00:00', '2023-07-27 18:00:00', '2023-07-27 17:15:00', 30.000, 'g', 'Normal', 'Completada', 'CNTs con diámetro controlado', 8800000),
(6, 4, 4, '2023-08-08 08:00:00', '2023-08-10 17:00:00', '2023-08-10 16:20:00', 110.000, 'g', 'Normal', 'Completada', 'ZnO para fotocatálisis ambiental', 10200000),
(1, 6, 1, '2023-08-22 10:00:00', '2023-08-24 16:30:00', '2023-08-24 16:00:00', 55.000, 'g', 'Alta', 'Completada', 'AuNPs para diagnóstico médico', 16500000),
(12, 13, 8, '2023-09-05 09:00:00', '2023-09-08 17:00:00', '2023-09-08 16:30:00', 95.000, 'g', 'Normal', 'Completada', 'Nanocompuesto Ag-ZnO híbrido', 15800000),
(5, 2, 8, '2023-09-20 08:30:00', '2023-09-22 16:00:00', '2023-09-22 15:45:00', 70.000, 'g', 'Normal', 'Completada', 'AgNPs para textiles funcionales', 17900000),
(10, 15, 19, '2023-10-05 09:00:00', '2023-10-07 18:00:00', NULL, 75.000, 'g', 'Normal', 'En Proceso', 'Síntesis de TNTs en curso', NULL),
(3, 4, 4, '2023-10-20 10:00:00', '2023-10-23 17:00:00', NULL, 105.000, 'g', 'Alta', 'Planificada', 'Producción de grafeno dopado con nitrógeno', NULL);

-- ORDEN_REACTIVOS
INSERT INTO Orden_Reactivos (ID_Orden, ID_Reactivo, ID_Inventario, Cantidad_Consumida, Costo_Unitario_Momento, Fecha_Consumo) VALUES
(1, 1, 1, 2.500, 850000, '2023-01-10 08:30:00'),
(1, 6, 6, 1.200, 280000, '2023-01-10 09:00:00'),
(1, 4, 4, 0.500, 120000, '2023-01-10 09:15:00'),
(2, 18, 18, 5.000, 1250000, '2023-01-20 09:30:00'),
(2, 2, 2, 0.250, 45000, '2023-01-20 10:00:00'),
(3, 18, 18, 8.000, 1250000, '2023-02-05 09:00:00'),
(3, 6, 6, 2.500, 280000, '2023-02-05 10:00:00'),
(4, 5, 5, 4.000, 680000, '2023-02-18 10:30:00'),
(4, 8, 8, 0.800, 95000, '2023-02-18 11:00:00'),
(5, 12, 12, 10.000, 150000, '2023-03-05 08:30:00'),
(5, 7, 7, 0.500, 55000, '2023-03-05 09:30:00'),
(6, 5, 5, 3.500, 680000, '2023-03-20 09:30:00'),
(6, 6, 6, 1.800, 280000, '2023-03-20 10:30:00'),
(7, 1, 1, 3.000, 850000, '2023-04-10 09:00:00'),
(7, 10, 10, 2.000, 420000, '2023-04-10 10:00:00'),
(8, 20, 20, 2.000, 2500000, '2023-04-25 10:30:00'),
(8, 2, 2, 0.300, 45000, '2023-04-25 11:00:00'),
(9, 12, 12, 8.000, 150000, '2023-05-08 09:30:00'),
(9, 7, 7, 0.600, 55000, '2023-05-08 10:30:00'),
(10, 18, 18, 6.500, 1250000, '2023-05-22 08:30:00');

-- PARAMETROS_PROCESO
INSERT INTO Parametros_Proceso (ID_Orden, Temperatura_Celsius, Presion_Atmosferas, Duracion_Minutos, pH_Solucion, Velocidad_Agitacion_RPM, Atmosfera, Metodo_Sintesis, Notas_Adicionales) VALUES
(1, 180.00, 10.50, 240, 3.50, 500, 'Nitrógeno', 'Reducción Hidrotermal', 'Temperatura y presión estables durante todo el proceso'),
(2, 850.00, 1.00, 180, NULL, 0, 'Argón', 'Deposición Química de Vapor', 'CVD con catalizador de hierro'),
(3, 95.00, 1.00, 360, 10.00, 800, 'Nitrógeno', 'Reducción Química', 'Reducción con hidracina'),
(4, 25.00, 1.00, 120, 11.50, 600, 'Aire', 'Reducción Química', 'Síntesis a temperatura ambiente'),
(5, 450.00, 1.00, 240, NULL, 0, 'Aire', 'Calcinación', 'Transformación térmica de precursor'),
(6, 160.00, 8.00, 300, 7.00, 400, 'Nitrógeno', 'Coprecipitación Hidrotermal', 'Control preciso de pH crítico'),
(7, 190.00, 12.00, 210, 3.20, 550, 'Nitrógeno', 'Reducción Hidrotermal', 'Síntesis de aleación bimetálica'),
(8, 200.00, 10.00, 180, 2.80, 500, 'Argón', 'Coprecipitación', 'Atmósfera inerte esencial'),
(9, 500.00, 1.00, 300, NULL, 0, 'Aire', 'Anodización Electroquímica', 'Crecimiento de nanotubos ordenados'),
(10, 85.00, 1.00, 420, 11.00, 750, 'Nitrógeno', 'Reducción Química', 'Tiempo de reacción extendido'),
(11, 80.00, 1.00, 90, 2.50, 400, 'Argón', 'Reducción con Borohidruro', 'Reducción rápida a baja temperatura'),
(12, 22.00, 1.00, 150, 12.00, 650, 'Aire', 'Síntesis Verde', 'Método eco-amigable sin solventes tóxicos'),
(13, 195.00, 11.00, 270, 3.00, 520, 'Nitrógeno', 'Reducción Hidrotermal', 'Formación de aleación Au-Pd'),
(14, 900.00, 1.00, 150, NULL, 0, 'Argón', 'Deposición Química de Vapor', 'CVD optimizado para diámetro uniforme'),
(15, 480.00, 1.00, 210, NULL, 0, 'Aire', 'Calcinación Controlada', 'Rampa de temperatura 5°C/min'),
(16, 175.00, 9.50, 250, 3.80, 480, 'Nitrógeno', 'Reducción Hidrotermal', 'Síntesis reproducible de AuNPs'),
(17, 120.00, 1.00, 240, 9.50, 700, 'Nitrógeno', 'Coprecipitación', 'Formación de nanocompuesto híbrido'),
(18, 28.00, 1.00, 180, 11.20, 600, 'Aire', 'Reducción Química a Temperatura Ambiente', 'Proceso energéticamente eficiente'),
(19, 520.00, 1.00, 280, NULL, 0, 'Aire', 'Anodización', 'Síntesis de TNTs altamente ordenados'),
(20, 105.00, 1.00, 390, 10.50, 820, 'Nitrógeno', 'Reducción Química con Dopaje', 'Dopaje con nitrógeno durante reducción');

-- CONTROL_CALIDAD
INSERT INTO Control_Calidad (ID_Orden, Fecha_Evaluacion, ID_Evaluador, Rendimiento_Porcentaje, Pureza_Porcentaje, Tamanio_Medido_nm, Resultado_Evaluacion, Tecnica_Analisis, Observaciones_Calidad, ID_Equipo_Analisis) VALUES
(1, '2023-01-13', 5, 85.50, 99.20, 15.8, 'Aprobado', 'TEM + DLS + UV-Vis', 'Distribución de tamaño estrecha', 2),
(2, '2023-01-23', 12, 78.30, 98.50, 1.3, 'Aprobado', 'TEM + Raman', 'CNTs de alta calidad estructural', 11),
(3, '2023-02-08', 5, 82.10, 97.80, 0.9, 'Aprobado', 'XRD + Raman + TEM', 'Excelente reducción del óxido de grafeno', 5),
(4, '2023-02-21', 12, 72.40, 98.90, 25.2, 'Aprobado', 'TEM + UV-Vis + DLS', 'AgNPs con morfología esférica', 9),
(5, '2023-03-08', 5, 88.60, 96.50, 34.5, 'Aprobado', 'XRD + SEM + UV-Vis', 'Estructura cristalina hexagonal confirmada', 14),
(6, '2023-03-23', 12, 81.20, 99.10, 12.3, 'Aprobado', 'TEM + XRD', 'Magnetita con alta cristalinidad', 2),
(7, '2023-04-13', 5, 84.70, 98.70, 16.2, 'Aprobado', 'TEM + UV-Vis + DLS', 'AuNPs uniformes para aplicación médica', 9),
(8, '2023-04-28', 12, 79.50, 99.50, 6.8, 'Aprobado', 'TEM + XRD + XPS', 'PdNPs altamente catalíticas', 2),
(9, '2023-05-11', 5, 86.30, 97.20, 8.2, 'Aprobado', 'SEM + XRD', 'TNTs con morfología tubular definida', 14),
(10, '2023-05-25', 12, 83.80, 98.30, 1.0, 'Aprobado', 'Raman + TEM + Resistividad', 'Grafeno de alta conductividad eléctrica', 11),
(11, '2023-06-08', 5, 77.90, 99.80, 3.5, 'Aprobado', 'TEM + XRD + Electroquímica', 'PtNPs con excelente actividad ORR', 15),
(12, '2023-06-23', 12, 80.50, 98.60, 24.8, 'Aprobado', 'TEM + Ensayo Antibacteriano', 'AgNPs con alta actividad antimicrobiana', 2),
(13, '2023-07-14', 5, 75.60, 99.00, 8.7, 'Aprobado', 'TEM + XRD + XPS', 'Aleación Au-Pd homogénea', 2),
(14, '2023-07-28', 12, 81.40, 98.20, 1.4, 'Aprobado', 'TEM + Raman + Conductividad', 'CNTs con defectos mínimos', 11),
(15, '2023-08-11', 5, 87.20, 96.80, 33.9, 'Aprobado', 'XRD + UV-Vis + Fotocatálisis', 'ZnO con excelente actividad fotocatalítica', 5),
(16, '2023-08-25', 12, 86.10, 99.30, 15.5, 'Aprobado', 'TEM + UV-Vis + DLS', 'AuNPs de alta calidad óptica', 9),
(17, '2023-09-09', 5, 79.80, 97.50, 27.5, 'Aprobado', 'SEM + XRD + Antibacteriano', 'Nanocompuesto con sinergia Ag-ZnO', 14),
(18, '2023-09-23', 12, 83.50, 98.40, 25.5, 'Aprobado', 'TEM + UV-Vis + Antibacteriano', 'AgNPs con morfología controlada', 2),
(19, '2023-10-06', 5, NULL, NULL, NULL, 'Requiere Re-análisis', 'SEM + XRD (pendiente)', 'Muestra en análisis', 14),
(20, '2023-10-21', 12, NULL, NULL, NULL, 'Requiere Re-análisis', 'Raman (pendiente)', 'Síntesis aún en proceso', 11);

-- LOTES_NANOMATERIALES
INSERT INTO Lotes_Nanomateriales (ID_Nanomaterial, ID_Orden, Cantidad_Producida, Unidad_Medida, Fecha_Produccion, Fecha_Vencimiento, Ubicacion_Almacen, Estado_Lote) VALUES
(1, 1, 42.750, 'g', '2023-01-12', '2025-01-12', 'Almacen-A-Rack-01', 'Disponible'),
(2, 2, 19.575, 'g', '2023-01-22', '2025-01-22', 'Almacen-A-Rack-02', 'Disponible'),
(3, 3, 82.100, 'g', '2023-02-07', '2025-02-07', 'Almacen-A-Rack-03', 'Disponible'),
(5, 4, 54.300, 'g', '2023-02-20', '2024-08-20', 'Almacen-B-Rack-01', 'Disponible'),
(6, 5, 106.320, 'g', '2023-03-07', '2025-03-07', 'Almacen-A-Rack-04', 'Disponible'),
(8, 6, 24.360, 'g', '2023-03-22', '2024-09-22', 'Almacen-B-Rack-02', 'Disponible'),
(1, 7, 50.820, 'g', '2023-04-12', '2025-04-12', 'Almacen-A-Rack-01', 'Reservado'),
(11, 8, 35.775, 'g', '2023-04-27', '2025-04-27', 'Almacen-C-Rack-01', 'Disponible'),
(10, 9, 69.040, 'g', '2023-05-10', '2025-05-10', 'Almacen-A-Rack-05', 'Disponible'),
(3, 10, 75.420, 'g', '2023-05-24', '2025-05-24', 'Almacen-A-Rack-03', 'Disponible'),
(16, 11, 15.580, 'g', '2023-06-07', '2025-06-07', 'Almacen-C-Rack-02', 'Disponible'),
(5, 12, 68.425, 'g', '2023-06-22', '2024-12-22', 'Almacen-B-Rack-01', 'Disponible'),
(7, 13, 26.460, 'g', '2023-07-13', '2025-07-13', 'Almacen-C-Rack-03', 'Disponible'),
(2, 14, 24.420, 'g', '2023-07-27', '2025-07-27', 'Almacen-A-Rack-02', 'Disponible'),
(6, 15, 95.920, 'g', '2023-08-10', '2025-08-10', 'Almacen-A-Rack-04', 'Disponible'),
(1, 16, 47.355, 'g', '2023-08-24', '2025-08-24', 'Almacen-A-Rack-01', 'Disponible'),
(12, 17, 75.810, 'g', '2023-09-08', '2025-09-08', 'Almacen-B-Rack-03', 'Disponible'),
(5, 18, 58.450, 'g', '2023-09-22', '2024-03-22', 'Almacen-B-Rack-01', 'Disponible'),
(10, 19, NULL, 'g', '2023-10-07', '2025-10-07', 'En-Proceso', 'Disponible'),
(3, 20, NULL, 'g', '2023-10-23', '2025-10-23', 'Planificado', 'Disponible');

-- AUDITORIA_INVENTARIO
INSERT INTO Auditoria_Inventario (ID_Inventario, ID_Reactivo, Operacion, Cantidad_Anterior, Cantidad_Nueva, Usuario, Fecha_Operacion, Motivo) VALUES
(1, 1, 'UPDATE', 28.000, 25.500, 'lab_user01', '2023-01-10 08:30:00', 'Consumo para Orden 1'),
(6, 6, 'UPDATE', 43.200, 42.000, 'lab_user01', '2023-01-10 09:00:00', 'Consumo para Orden 1'),
(4, 4, 'UPDATE', 95.500, 95.000, 'lab_user01', '2023-01-10 09:15:00', 'Consumo para Orden 1'),
(18, 18, 'UPDATE', 13.000, 8.500, 'lab_user15', '2023-01-20 09:30:00', 'Consumo para Orden 2'),
(2, 2, 'UPDATE', 150.250, 150.000, 'lab_user15', '2023-01-20 10:00:00', 'Consumo para Orden 2'),
(18, 18, 'UPDATE', 8.500, 0.500, 'lab_user04', '2023-02-05 09:00:00', 'Consumo para Orden 3'),
(6, 6, 'UPDATE', 42.000, 39.500, 'lab_user04', '2023-02-05 10:00:00', 'Consumo para Orden 3'),
(5, 5, 'UPDATE', 18.750, 14.750, 'lab_user06', '2023-02-18 10:30:00', 'Consumo para Orden 4'),
(8, 8, 'UPDATE', 65.800, 65.000, 'lab_user06', '2023-02-18 11:00:00', 'Consumo para Orden 4'),
(12, 12, 'UPDATE', 55.000, 45.000, 'lab_user13', '2023-03-05 08:30:00', 'Consumo para Orden 5'),
(7, 7, 'UPDATE', 120.500, 120.000, 'lab_user13', '2023-03-05 09:30:00', 'Consumo para Orden 5'),
(5, 5, 'UPDATE', 14.750, 11.250, 'lab_user02', '2023-03-20 09:30:00', 'Consumo para Orden 6'),
(6, 6, 'UPDATE', 39.500, 37.700, 'lab_user02', '2023-03-20 10:30:00', 'Consumo para Orden 6'),
(1, 1, 'UPDATE', 25.500, 22.500, 'lab_user15', '2023-04-10 09:00:00', 'Consumo para Orden 7'),
(10, 10, 'UPDATE', 28.500, 26.500, 'lab_user15', '2023-04-10 10:00:00', 'Consumo para Orden 7'),
(20, 20, 'UPDATE', 5.250, 3.250, 'lab_user13', '2023-04-25 10:30:00', 'Consumo para Orden 8'),
(2, 2, 'UPDATE', 150.000, 149.700, 'lab_user13', '2023-04-25 11:00:00', 'Consumo para Orden 8'),
(12, 12, 'UPDATE', 45.000, 37.000, 'lab_user04', '2023-05-08 09:30:00', 'Consumo para Orden 9'),
(7, 7, 'UPDATE', 120.000, 119.400, 'lab_user04', '2023-05-08 10:30:00', 'Consumo para Orden 9'),
(18, 18, 'INSERT', NULL, 8.500, 'lab_admin', '2024-08-30 14:00:00', 'Nuevo ingreso de inventario - Lote GO2024-003');
